N,P,K,temperature,humidity,ph,rainfall,label
20.993428306022466,19.72347139765763,21.295377076201383,18.04605971281605,19.531693250553328,0.5317260861016389,43.15842563101478,rice
21.534869458305817,19.061051228130097,21.08512008717193,14.073164614375075,19.068540492859487,1.4839245431320682,36.1734395106844,rice
16.550164334973935,18.875424941518055,17.974337759331153,15.628494665190548,18.183951848957577,0.0,42.93129753784311,rice
19.54844739902693,20.13505640937585,17.150503627573087,13.911234550949635,20.22184517941973,0.0,40.75139603669135,rice
18.79872262016239,19.416612500413446,18.796586775541208,18.704556369017876,19.97300555052413,0.0,41.64508982420638,rice
17.558312700057954,20.41772719000951,16.08065975224045,12.343627902203139,20.393722471738247,2.476933159990821,40.34273656237994,rice
19.768703435223518,19.397792608821423,17.042956019265144,13.560311583210582,19.078722458080424,3.1142444524378314,40.68723657913692,rice
16.47391968927453,20.64816793878959,19.229835439167367,13.646155999388082,21.223352577681737,3.061999044991902,41.8625602382324,rice
18.321564953554724,19.381575248297573,20.662526862807127,16.95109025424472,19.04165152430942,0.6286820466723657,37.787330051987944,rice
17.60758675183866,21.625051644788396,22.712480057141647,14.855979756839332,22.007065795784047,1.7232720500952683,38.709760490789755,rice
20.722791211016826,23.07607313293194,19.928347921780098,18.129287311628012,14.76050979182051,2.643805008750448,40.17409413647634,rice
19.401985299068265,20.183521553071003,16.024862170798215,14.560656224324976,20.714225143023494,3.955788089483032,38.9634595634527,rice
18.383012794213624,18.996485912830927,21.83080423540415,15.657502219319369,18.940479592465923,2.0265348662267124,40.19415509869608,rice
21.937289981065778,18.595893812245293,19.344675706804463,14.215783693735684,17.072970103735763,1.5922405541291522,40.522110544359776,rice
20.01022691328492,19.530825733249706,17.169258515899173,14.158709354469282,19.314570966946462,0.0,39.67742857666798,rice
20.80810171362908,23.77237180242106,20.349155625663677,15.515100781445529,19.851108168467665,0.0,39.94697224910156,rice
20.120460419882054,24.926484224970572,19.615278070437753,15.603094684667225,19.930576460589513,0.0,42.28564562903004,rice
21.503866065373547,21.582063894086094,18.18122509041052,17.805588621872197,17.19629787441544,2.173714187600541,44.380911251619956,rice
18.01892734973862,18.867404540794457,20.199302730175283,13.993048691767601,16.898673137867736,1.1371259496120547,37.87539257254779,rice
20.94718486127036,18.161151531532393,23.09986881003508,13.433493415327526,19.35587696758865,2.6270344347393397,37.53827136713209,rice
20.454919869208258,22.614285508564855,16.785033530877545,15.36926771706461,20.519765588496846,2.5636457435546207,37.52609857824383,rice
17.359086773831446,21.043883131233795,20.593969346466373,15.500985700691754,20.69289641899395,0.0,40.464507394322005,rice
20.58614494659736,18.571297163947264,23.731549022289514,15.947665841823575,17.617393005594703,2.3131072172676594,38.050636659545354,rice
21.574169207484903,22.317191158014808,18.358635363296578,16.926752258488644,20.825561853872998,2.6441203199889802,43.7935859653079,rice
19.50922376799426,18.49252767128502,18.220971140748954,13.368379430069123,19.845796581171793,1.6823039496332877,40.55338159866004,rice
21.654366498072047,20.026003783755815,22.907068154314633,14.470686333524087,25.440338333179238,2.251334695530012,38.285684887167434,rice
17.858215003877774,20.96494483048637,19.5530744293483,16.428000988184184,20.94647524914709,0.8543421746862545,38.30641256386319,rice
16.97030555062827,19.106970095865957,21.712797588646943,15.428187488260408,17.508522442576023,1.346361851702364,40.77063475945767,rice
18.232285127597734,20.307450211891055,20.116417436892,12.714059404338753,20.715574720696566,2.1215690527364686,42.16610248635055,rice
22.107604104069807,17.244661264085817,18.124349920169756,16.03007053441732,21.027571901824416,2.030095372612096,47.705462981309445,rice
21.141781021386333,22.271131280361196,21.908003526986406,16.302782502611596,19.369461510719308,2.517938440986535,38.454349570924855,rice
19.526362786519982,19.02927290434179,20.163748278772644,19.629317133347016,16.265469614816503,2.3725203807490267,36.7745682576207,rice
19.056136268421135,22.177901193934733,20.128560038190926,12.844510444141388,18.569392581480063,2.3591954978693517,38.53926673656573,rice
20.43291717916395,20.091143679807626,18.696799304788367,19.28788817865065,21.267838044636022,0.0,40.372908629538856,rice
18.676427070463223,21.704866669592448,18.414958523134597,14.770527117066202,21.009974557960913,2.7315103883402427,37.599407185888445,rice
19.330997528318104,19.050109377678087,18.693341534852575,18.530908480562193,20.80996342192191,0.0,41.83572389410955,rice
24.244312394025265,22.064930521102294,16.961260068091974,14.031531854267497,22.533822298373245,0.0,40.887638856292455,rice
21.549268106858673,18.146139056843833,19.8809492878764,8.517465319861856,17.95122471733142,0.4948636972136794,37.5044336360703,rice
23.26482260786327,17.139717244078735,19.119911026606033,15.261481154572182,22.88254657813223,0.0,42.326327504309916,rice
20.020466122039174,18.036982697904097,20.924206948526543,15.39811939114694,18.79956624568241,1.1396041699800379,39.22937280627648,rice
20.227034690502496,21.324261349042093,23.172033632290706,12.524369002346301,24.266066749312532,0.0,39.69642980992883,rice
21.176634412969154,20.561983735470065,18.75460096035881,14.58375549928545,19.013998130682335,0.0,41.699204194042046,rice
20.714030971930093,18.614180809478693,21.799199750866503,15.614599041753218,21.62572423767792,2.2592576838472245,38.34200997815586,rice
18.87963791960606,21.494587210246525,21.22074053086693,14.958196812071703,20.234654766617563,3.55532979157685,38.81685722232834,rice
21.094194762340077,19.595614695132213,19.56463759354556,17.19755370397438,21.65083269797606,2.6270192720012773,42.61095761430866,rice
20.042007683265517,21.363905942589927,19.379466486813087,15.648332704976884,19.739713891264632,1.1939919299854365,41.19031405087383,rice
18.363558633533057,24.18477455137092,17.987965237000594,12.571622774424537,22.316221747000135,2.5833253879258717,41.24823963410431,rice
21.25669101852856,19.97550645430617,18.20549125702834,15.151609116387453,18.645676576975777,2.9502394668355025,39.70588523699572,rice
18.349005606414977,19.357228316694012,20.825862908551247,13.87255089439205,18.355559208867138,1.4873744229838246,40.489933142217446,rice
18.98611364925774,19.057923388763353,20.464099874715274,12.103831317005351,17.18507245124689,0.0,39.573105696576306,rice
20.62181513119601,22.950712433899103,21.71531924640404,14.680122940073145,19.96196758419462,0.0,39.96297372801522,rice
19.422682722159724,20.645437120676178,18.345538112895355,16.038693028482346,23.065477826005157,0.7824797030862848,40.80342344419788,rice
21.380287983422225,19.19755905622833,20.448184963620832,15.02518480156359,20.195352197097662,0.0,40.049020348517885,rice
20.9959965824909,22.902287215590082,21.918541652170415,19.306364915023114,18.4653048742239,2.7446412734413563,40.36668401147671,rice
24.379605866435345,18.383403429289697,18.32055631563845,13.801214709111957,15.752208551380386,0.0,38.48173467689261,rice
20.300787572952416,20.68351195155432,23.752341678431772,16.900847676372102,18.846192688675195,0.0,40.98383834301301,rice
17.359533585958715,23.662917531708707,22.358880241442574,14.061648695790591,16.573730941818244,3.7077447483308257,39.77092030949476,rice
22.47563262394692,16.811144682411268,18.801249954092455,15.010487399436366,20.093961187529484,0.09986905704151272,41.245699864695,rice
17.86475914123481,19.71524102995741,20.2405912634238,16.0288776681175,21.42322975617778,0.0,36.93177165852875,rice
22.55535364379702,20.66462802395918,18.503026926886893,18.102303951045045,20.231349268585717,3.358594368127653,40.135036962820216,rice
44.121495849763974,43.51068168488641,39.50207170304185,31.94314190190871,41.290751899170296,4.737263115064698,78.0701530788398,maize
41.37210291999688,42.11684897369918,36.48252102715377,27.63348297466845,35.921535644479796,1.4611863311108846,81.43508451159192,maize
43.004714104192054,40.14818956083955,43.257231091142586,27.239797083570217,36.59323512128969,1.8889046022067624,80.76813089787862,maize
39.93461050381181,35.86511579992025,39.82175992097442,27.391060998990294,41.33934509766008,2.7331964921936964,78.1202404273453,maize
38.972266165326616,37.881572956222094,39.874641805453656,31.910284641002477,38.028547907328914,3.008093031035689,78.93948476325512,maize
38.41425433547531,39.785939280090886,37.92951535516125,28.892701389305635,37.6042442148223,5.929450265832779,80.07052710394346,maize
38.60054898401483,40.42795982146844,39.77534390061834,29.558060800933553,41.22833340008685,3.51501542009461,78.93899770477894,maize
38.84836351871064,39.449896605696715,35.39615767052883,26.969617875602896,42.73374853488905,5.289935427002567,79.50192792088724,maize
41.15311392611153,40.62250030908707,46.15776161691048,32.23914982286915,39.74416481703847,0.08891911879914849,76.78710735948485,maize
40.406927271734446,38.48729850943139,37.155492580804655,28.706854231514946,37.83690399277121,5.3742832701451295,81.76327951389891,maize
39.98405471736677,42.95988827778005,40.154736615295235,28.277431597343472,43.04624815453931,3.077820087369317,77.9255076913471,maize
39.61932264383278,38.248763493230484,37.23440053807133,31.85235509506328,43.81883328094026,0.0,81.12593847338114,maize
38.69871486175634,39.02574923247061,38.81521215152226,28.272018460640368,40.09704325588965,0.33809976717792445,80.54091365155968,maize
39.89952378110173,39.52210390626718,38.18487267591681,28.846457338863335,41.510782451651515,3.0018343752487615,78.0448895104029,maize
40.19866461085845,41.50277424674358,36.66118943775726,31.08672038475987,38.6747524821083,3.141197337186319,78.47348168691497,maize
36.390235798670965,36.74491512423367,40.09616989332277,30.519445003442964,38.191366749791186,3.277184917554748,76.67695987546207,maize
39.86784040270537,37.577967600475084,38.696327784395685,30.094797342632827,38.27917326943209,1.2308889115403492,82.01258561842889,maize
38.8462162609537,41.671384224130286,37.74058629068476,31.059608355830566,42.8831372413158,0.0,78.40620948905905,maize
41.15414425436108,39.59390922791401,40.742291746742616,28.792029626568358,40.1731795749458,1.688645529215841,82.33556412331961,maize
40.50884168660242,40.675205324150404,39.176246067755066,29.024787551855013,39.13488362436076,2.788904284756594,79.15803103835947,maize
40.57954971379283,44.15080159729088,41.74224940686339,29.347952935664317,42.40242784432789,1.1838492539568972,75.92375092964429,maize
37.983827378165195,36.25841615794829,39.29697303191738,30.036836758379103,43.352874624550566,2.6538547475283254,79.56179894238227,maize
41.65881116236698,35.57772938198423,40.47122911621713,31.541730387773935,37.04282750844032,4.287508086413858,80.67699281498882,maize
39.1694241721984,41.26556373221257,44.54138571560879,30.36373251011699,40.49644117260067,1.0812782009195119,78.30031126107042,maize
41.66067163308849,38.28783234818226,40.14313247443879,29.044685106469768,40.957959651492786,2.667324210573897,82.0750798885158,maize
38.9799672022905,39.46025012941326,38.042472568435386,29.111413479847776,40.754600986089706,3.5139772332907038,78.15566935164475,maize
41.73921184021132,42.7112757176099,40.826869806447405,33.75359162511613,38.45242160179286,0.0,76.44255950219144,maize
42.992088622978365,41.30873131270812,39.88883065817909,30.559937252639642,37.74902190540325,6.891503959233653,80.25844236395045,maize
40.218789589209784,41.451533247797386,40.96201846347343,30.447768048558263,38.419051089109374,2.9429367142719913,83.76404899295007,maize
42.690840092309955,43.186373253278795,38.97756864713763,28.020790359482838,39.7484261598007,2.1114498245773894,82.1883830369419,maize
36.61507074057036,43.05910063892123,39.68398420284202,29.14623786010516,37.97579124947966,0.0,81.64634116792382,maize
40.14663593437681,37.42007820051789,37.40984245587277,29.328430601419743,43.33804305057878,1.4808172972727904,76.99371409376378,maize
39.508513871828114,39.454552860504656,34.60622671411686,29.891410266964375,39.53813093958264,3.3924127296268365,83.69791218989069,maize
42.25313005909551,39.46222261889034,37.78694818251666,35.14671960649972,40.11843686802898,2.0278585838258922,79.95174982578,maize
40.39616952153571,39.71127917615212,38.852675986239525,28.906282117519215,39.934493459568,0.9131504577324701,78.57430843464567,maize
40.21286045538379,39.49004556515829,43.007985977165376,24.698060383213978,42.18301370384492,4.492170384995259,75.8532195351837,maize
39.3146248118393,39.25711826800842,37.184976610564355,28.44436662481825,37.778848309068344,5.504540886847245,81.87135678629492,maize
42.54311018998832,41.44334412808647,37.741896457565545,28.950959467440452,40.97874912245584,0.0,81.42599686034478,maize
39.51934920368373,39.25035838490081,41.42191993640698,30.88852662297208,39.27806766836184,4.318659606728496,77.8378733448002,maize
41.231871213888525,41.18620251593677,39.38090712137202,30.652266044484236,37.49777284722939,3.8480540384138022,79.63019572711403,maize
38.954553958961924,42.09801845167378,38.59131261891448,27.18307740727288,36.886741652952196,3.2120199026912792,77.43914129500743,maize
43.50958836396873,35.83614118423256,43.39291273658008,30.422034934405236,39.806573776259214,0.9101618263821005,80.79827222870414,maize
39.9247305951503,42.20660376403304,40.22845529732408,30.300603522923755,39.27277557557229,1.886108752557865,80.61560353778412,maize
36.57966321468675,37.30362915578857,41.48652818804543,30.341730876255884,39.63203332729464,2.036867866130786,80.69516341072334,maize
38.920480639381275,38.44339054919538,40.39169051019536,28.043254444769936,40.81650551142894,0.0,82.05831127465129,maize
40.94519496482609,40.512059468627754,41.96538196789103,33.33094888892515,42.02874013003626,0.0,77.4408460665286,maize
38.750362844608645,40.05218210042167,41.03531804093824,28.548512373693068,40.373533528954155,0.4892341352933549,78.7769643940161,maize
37.18667780630356,38.15353350777819,37.29663078876733,28.048253494045333,42.107283593215676,0.10120222233611398,85.26476412967479,maize
40.98663580176178,40.36967224738975,38.283284439637576,31.40061975881798,38.84872434752445,2.244019629290723,85.1201690765376,maize
39.8078802005507,42.29854665257135,38.59364714974822,29.930023019006075,43.54160127127102,0.7460658844244652,83.62489711599386,maize
41.41550387091095,38.87506644821146,41.26481547811104,31.94510889925346,41.24361992443439,0.0,78.54572564835026,maize
39.50496272889699,39.851133141799906,41.241344195101355,30.35540200186651,37.329311282579795,2.7603957020119263,81.22117149056764,maize
41.11958089586208,42.16156145110924,41.66784430909781,30.918360158456874,39.85966857708271,0.0,80.85923643826517,maize
40.415375374326224,40.54315767439075,37.44650284835938,27.837886919183475,42.10630570666581,1.9208896922866898,81.36300139474525,maize
40.05663675226092,40.05951227899149,41.876567611952,28.967910543565253,40.19224155388196,1.075449422589915,79.13100754513538,maize
39.381655753062724,40.44426754326743,39.042502756673045,32.51151225114704,38.21078539556099,1.626256711677282,79.12053788345165,maize
42.893955768707464,40.39310955302315,42.06368907893727,27.028879253926057,40.53410053173852,3.779261591246874,80.16456797855085,maize
42.130960750130704,38.96542309979925,42.81869488037116,34.5977962472385,39.27432287912068,1.1089949571984565,82.9067689542354,maize
43.15914429146142,38.954279945693465,39.159626365808286,29.436430782278986,37.311098977931444,0.16269610703160353,77.99171846649587,maize
38.46440486979174,39.93063022522644,40.468429465073044,33.101000985628154,38.00329191852242,3.9686447969531677,79.57202231154898,maize
59.901072580695136,61.34963898433321,57.7545559568754,45.764819492368105,60.33290441642611,3.984902528016298,120.57833728781564,cotton
64.9106002798218,58.72452003149737,58.938006089996364,43.753718947150475,58.88904576167949,1.7252257453869646,122.37803306221511,cotton
62.84100849597971,58.85850741250105,58.33528885379154,45.94283111277281,58.89555391143806,4.265863635511021,120.4058460417026,cotton
56.968511770005534,63.09501040266012,63.59175534619104,43.77442261903123,59.22459688012803,3.57173078144981,120.66891357997405,cotton
61.31708854534566,64.0204090775327,59.6461055450119,43.40340551092309,57.241361543970946,1.5381399201161619,119.93374605425241,cotton
63.589115727035576,58.964777401927655,60.447575903277794,44.9671542078545,62.37678654689617,8.053864851747242,118.93826245415936,cotton
59.021121114963556,62.08832175413814,61.363782979252626,48.69341465147207,61.167856370651926,2.281415818425881,121.18130966138462,cotton
62.217407161165816,61.640964362394726,61.014548062214594,47.133349379178306,62.33859118089134,5.764317982075054,121.29741977517928,cotton
59.66576383936629,60.293427372866645,62.41301793301671,43.36612865802553,60.7373466177458,2.2133223753452786,120.05748964586964,cotton
62.556903725214596,60.382198136039804,60.092873096312296,42.280287718040164,61.49250713205444,4.29096836228215,124.32650944661091,cotton
59.384443530093996,60.43830065532788,60.49876736742151,48.15490655952695,59.809408935226095,3.5580430515406785,121.21579301943308,cotton
60.37321824631272,59.10713277089894,60.38817998579662,47.14726349971954,57.94696940117788,3.265939348293752,118.59975837012165,cotton
62.390093257849685,56.95362619043245,58.882156305456824,45.75442375012904,63.13104805846868,2.8684994778540243,118.8896009466136,cotton
63.76231413888118,57.103972199167515,55.60238808675984,45.880028900106666,58.995891551294775,0.9575343657385735,121.4167128945987,cotton
60.4876014275424,58.871842738526546,57.439391202658214,46.74491465656029,61.30040235591732,2.801648272441234,123.69327399209533,cotton
57.85983046734769,56.948949658150525,58.61618386023751,44.90882796728901,60.48667889864539,2.51752788428734,120.70411079302859,cotton
57.49692115161911,62.88752920814652,59.835697643214864,47.23459166317625,60.68545069275541,3.913506438307568,121.13953456046441,cotton
60.89541712003463,61.285445519735084,62.658305060264865,45.39304233940294,61.418007515177024,2.8205286114255466,122.88023443089895,cotton
58.64721539588146,63.601880865821634,59.919684098711315,42.138449795763904,60.25620882982158,1.6378966850502383,121.68128709797745,cotton
58.69475204139522,59.10763313357044,56.22091853810894,44.09538736150185,55.15224134674209,0.0,121.5208293122886,cotton
61.571600317301666,60.850915123569926,58.066047713741575,44.90457728771604,59.99279492181886,0.6832706216149145,123.0067966035343,cotton
61.75472458115134,59.55807165234067,60.05377167798906,45.4167656158951,55.916530263151415,2.505645234958806,118.63603150400441,cotton
57.99675998021017,59.43779941422809,63.59537305369904,46.28168572253402,58.857642020434405,4.145165562712317,122.798710873172,cotton
61.84926736582554,60.11926073984035,58.706126444588854,46.39644662722718,60.786970770843496,4.790386440055465,121.27034360336394,cotton
62.09910543063867,58.92952957687886,62.63478813126865,45.3951992093848,64.15052174525053,1.6216243638208643,123.4719276063305,cotton
60.39582156692529,58.6971639927711,59.03222833189135,44.35930538361136,60.848331892803834,4.0456709760709995,118.85259999212285,cotton
59.95129081547803,64.28454071722373,63.455086340201426,45.87264733934806,60.0760069563364,3.2400626534365227,121.22703594546083,cotton
57.95441486960319,59.48524692515331,56.66283185224482,45.798446245210556,61.29439187940548,2.033627075401252,123.14797352658006,cotton
57.548468673995316,57.07125023958036,60.44890363711995,47.09419660522431,63.367855382915735,2.08223147426212,122.15736166686258,cotton
59.92298306099858,59.65474540011836,61.767319874973346,46.30464575682684,56.847215686031504,5.9530806994517915,122.7601827082949,cotton
58.74887459698094,60.79160706687482,60.98806037256548,45.52134753164781,58.89938969230916,1.656753264123897,119.9488918580171,cotton
62.34545803851873,61.087200309188866,59.25877133582779,46.54339742129669,54.302914758739846,5.297531400744207,116.52057244244381,cotton
59.275118117193735,57.760660210747716,57.410637048558186,47.321653574757036,59.06459759737622,3.6930077634614316,119.90615884224164,cotton
60.95408165444624,60.15364378212051,57.43401555162286,46.99253363889428,59.01248683367737,0.0,119.14376967806818,cotton
63.001519581268624,61.70044348422699,59.30269573118428,44.30148459136314,59.35672989756524,7.153495967121682,120.7638709044631,cotton
60.860083294382136,62.060566908063684,60.47757831805303,44.48191570835859,59.607300301830044,2.856797481171872,119.92555552698032,cotton
61.45525908727396,60.1038917716146,61.465280154431156,44.838566839782835,60.157270380632184,0.0,121.83265534940496,cotton
60.692976951795984,61.996020219719306,54.20748924361262,49.17674940956145,59.72082074368965,5.216365633475033,117.92018814574894,cotton
61.22554781012514,57.89316887365269,58.75246207860839,48.82806270773357,59.61863519847331,3.4348657463594456,121.7401354613775,cotton
60.99136377594521,60.300837810287156,60.72992200493245,49.80683117047655,59.88476240593283,3.402198093429935,122.10130879201522,cotton
62.21105186591597,62.37406061112076,61.27746044405837,42.713990174539035,63.26686306460219,0.707309213962624,120.60527093047807,cotton
58.491448299961284,59.87172330681401,60.65752482060696,45.64271443090055,60.84384150847057,6.227422538117294,120.90706860302797,cotton
59.511686729418706,61.92817433657672,62.37894097784928,42.54478436972602,61.194800139699716,4.402345484621796,119.40487299328002,cotton
62.75141362662324,59.69988882593495,60.251152906943084,44.65385635143226,60.03115809516294,0.8074498262095964,117.11989823481142,cotton
63.18901012644994,58.306077303363345,58.01721530108738,40.693219772792574,58.72207650462099,0.35382041318500335,123.28403032027273,cotton
62.019634178685266,58.62369930964455,64.50487161068861,46.96353097398319,59.35033723298275,0.0,124.58188514518149,cotton
57.22085506647281,56.709202506086214,62.04514086401928,49.87950481267855,62.768545637021035,4.12781824010472,121.18950868333057,cotton
61.70683111756062,61.51785717957353,60.56238284793875,45.20840220790375,59.87481374420096,1.4920708222666474,119.43864984626646,cotton
56.61408637160923,59.8033207464105,58.022817785698166,42.79282136556846,60.35978830230696,5.784004572689199,121.83663321200463,cotton
56.858998792753646,58.02074372685932,61.88154237597643,43.03502521292338,59.55073370000595,4.100104198049104,118.06331109027273,cotton
60.21075101229192,57.33194901016359,58.79726471209757,45.63956386828507,56.81401253293666,3.880949475920798,119.96072440214664,cotton
61.104979908834295,60.44782826812932,62.72828085994769,45.25044900529581,59.141188917749496,3.2445950060645674,121.08659605807277,cotton
60.09772014065141,60.081183382407765,58.596016624386486,43.6741981648981,57.19478945640061,6.499153486373879,117.51227352921742,cotton
58.61418960440818,58.563185468861604,61.78984875388888,44.410100643415944,62.49548414534747,1.653018751512263,120.5579883244476,cotton
58.32930589348049,64.29029825554677,57.624803161940974,45.61964142045405,61.2675537618642,3.8275981949029965,119.62942468224459,cotton
59.74035860053315,60.087622943958216,59.70599599674302,46.92775823358982,64.42104600318271,1.8850164299843328,117.26039404084185,cotton
59.823435903297494,65.15941867530864,58.39265086406054,48.27823361088814,63.35540162815288,1.8928235165840108,121.13796615837055,cotton
63.256793246257075,59.24174451802502,59.59283927979528,43.83663817210271,57.97048653861427,1.7014449098679858,117.55211946647549,cotton
60.06816693651845,58.460053537882715,60.467571823581494,41.888208707592746,60.661760464428916,4.6670579232178495,116.01252871485708,cotton
60.74811313969514,62.45533798494658,57.58071796261759,48.34514477367541,60.83803801873209,1.5899762884831823,119.88846184468458,cotton
81.11665382504344,80.15201078282482,81.07751198489274,58.158652813841265,80.33872164807215,1.1725710061900396,159.7775478773026,coffee
78.19218471707042,78.52894011482047,82.47218635042087,60.0,81.21827624181435,1.815374470654842,159.3671831006104,coffee
82.42619539995837,80.28343382727981,84.63865907996339,60.0,80.38409823298007,3.3817670715949975,160.26708180956456,coffee
79.6950603272389,81.41621735337718,81.91340463358917,58.4280210789841,77.33753409288444,0.32758925379340686,161.0159826538251,coffee
77.79326678765226,75.69421881409504,80.77715720906193,60.0,79.98785817692021,5.676981548903283,160.16365871709513,coffee
79.80222069361771,81.83815296597554,79.4194509116227,60.0,80.64339561239203,2.6638190927139025,161.98408469907304,coffee
79.65008048660918,78.4885096810143,81.07301968714081,58.20306403641793,80.05636231473825,3.981762006711593,162.17179113166316,coffee
80.9493964657599,79.94994608250971,81.63553259840057,60.0,81.11562061270372,4.0207052396867615,157.37632753529968,coffee
77.86977267384925,79.38955059129067,78.78097559568144,59.62605739402911,80.11329984979422,5.059385508713461,159.85900244388182,coffee
80.9730032876524,80.12894882962024,76.04906686729225,58.12132921236249,79.71182488855676,1.5806105143177849,161.19985745999242,coffee
83.0615016646874,82.43752370339463,79.57311425813958,60.0,80.29733491440422,3.325828057763921,158.77319467291812,coffee
79.39506062702374,79.22364636291755,80.34083244475097,60.0,80.00609204030683,4.8738763394927,162.3812925495727,coffee
81.89910827088265,77.0302040631002,74.89215773019609,60.0,77.26624260316916,3.550469196214633,157.6597739478813,coffee
76.39603912483996,81.08292545640957,81.5183103206053,58.84697919854656,74.81791541571017,2.9075111034950343,160.7836080108051,coffee
77.04217686245174,80.36671983955831,79.96938030165401,60.0,80.23916073682831,2.0538621182368892,162.393143003329,coffee
79.68294085394606,79.94539092098013,78.1334640818536,59.113435497616976,78.23039457194619,3.654107880153154,163.4234169602847,coffee
77.25619771413729,76.77287720424651,82.94234065498722,59.58135264569627,78.66185452268017,6.079809374792153,158.78876892052628,coffee
83.65201942709388,81.35585174267854,79.02417718370859,60.0,78.78857015399332,5.484190744018614,160.59858516081297,coffee
82.6034825787976,83.12302239345371,80.06400829813154,58.49316425930763,80.91994428587823,2.6445692604957878,164.02677449505325,coffee
80.27307066216548,79.26935689737579,80.36936061172982,57.305747420940605,78.0567719229787,6.400827815888851,158.6862114420572,coffee
77.90617803463613,81.07330550505458,82.371408309326,60.0,81.99209537161163,2.4864098228610785,157.1563786665163,coffee
83.00266730391097,79.35464032231573,79.4983339670899,60.0,81.11246001880131,4.911775544163215,164.33000468980217,coffee
78.71296353923971,81.85568025616247,80.11402624979416,60.0,83.05693685282506,5.015671512579248,161.07659215809926,coffee
82.1450146746196,79.27009454091423,78.32158066532199,57.91038161195793,76.06728682124799,8.112414259880644,157.79358326855663,coffee
79.55749275282845,79.44637340022216,80.6148133956182,60.0,81.72094697671949,2.8338451228621233,159.66575657242717,coffee
80.5651599009766,79.50261774763291,83.21469115203999,60.0,81.46975557209963,5.325762537334826,162.34694771497064,coffee
80.36204311740741,77.40633610408831,80.79937590350528,58.697286212416344,78.94276663650048,5.172728037510186,162.47656614286728,coffee
80.04254315347212,80.61766602519793,83.40442988927047,60.0,85.20336622836079,5.1310192912630885,156.47847448168835,coffee
81.50668324220906,80.76231676976556,82.5795055081655,60.0,79.72308803203245,1.5514035274212685,159.58195348542796,coffee
78.2989590915814,78.83895310039055,81.17715680884122,60.0,80.78934305964596,1.6082338759296313,160.88920533644028,coffee
82.3932629732913,78.78043419136124,79.73196566665416,60.0,78.43020337383552,5.2965608676877185,159.75810370278444,coffee
80.83906488781406,78.2250156443958,79.12508339935317,60.0,79.25433369581647,7.45392770246681,159.2007276287708,coffee
80.44936945150377,81.86518166374618,77.16326853413393,56.47838237603845,76.94868737085982,6.525168206854364,158.8962837082151,coffee
85.1163985713365,78.87150480268522,80.36910260639408,60.0,84.01218577631825,8.123007153272795,162.41673246118629,coffee
82.04812505162292,81.18505389840237,81.55672215233328,58.897628567342935,78.36360223315539,3.993251085178096,159.65963075495014,coffee
79.09354390134546,81.39277489491343,81.91061041714102,60.0,82.95506016211053,1.71662177173299,159.61268108144057,coffee
78.5663553587944,76.26692676585388,79.83463862831461,59.756504983233434,83.02689948648427,5.2616233691095555,157.9516263513416,coffee
83.70818513266838,82.4420673910507,81.16419540693722,59.54703180230034,78.08112152655303,3.255586447857894,162.17749723940838,coffee
83.76917261186922,83.08648705654437,79.02230115642745,57.76076513342198,80.2817724938224,0.4631212688742967,160.64633542836955,coffee
79.70479482740267,79.06792699626351,76.81059386546642,60.0,78.93459832067617,1.660166328579424,154.2554755734367,coffee
79.94497018989873,83.5445031933395,83.32251842909574,59.085807486827456,78.79557587927644,4.937548512150047,158.0032291216234,coffee
80.60358379963893,81.53216055676938,82.45386644776862,59.799691847040094,79.59265249964606,2.244034826486878,158.34623929192028,coffee
79.54704221619694,80.73473101363236,81.8271692524665,58.39364209863931,82.98537713791904,3.4577527979148623,159.95726541130313,coffee
78.50557664170435,75.15151947945412,81.7680907927221,60.0,79.43734488576358,4.133981434449744,161.0318784354082,coffee
76.87490828622691,78.94189464530741,81.58852935924365,57.4914211536615,80.58711586433326,1.28683639075319,160.93285996486705,coffee
79.92871703540503,76.76973636818899,82.32947870891434,58.5308168464039,78.37949512597123,4.401138394461886,162.29727469885742,coffee
77.96835636204321,80.12335969969594,80.85763300066115,60.0,80.35288311055444,3.2659443218333553,158.34481955870257,coffee
80.17228776609275,77.85572197602879,74.15729903301079,60.0,81.8078696821724,0.0,157.98053859058012,coffee
81.2383085220104,84.1149909394234,80.04158741535082,58.54399411754173,79.63420711779033,6.74975283829637,158.70807164175093,coffee
78.4016159866995,79.03451295563593,78.09334278348257,60.0,83.24935691693912,4.6461585462320585,159.49529299574743,coffee
79.41637746216891,76.87361838260668,81.76621955429432,59.8443256059744,79.63904017281875,10.38621513568972,160.59750581673137,coffee
78.49641789980963,79.14728480758892,82.29689141839351,60.0,77.12344404336527,5.838457869150407,158.663711828922,coffee
83.7465955524351,82.1600961314293,79.1053562086825,60.0,80.1357110210548,5.705547350244439,160.96946563458894,coffee
78.30728669001826,78.71290033536508,82.05992163516233,59.330449335786916,79.192703073516,2.089754841301294,160.84719813118693,coffee
84.12504983848629,77.86493417149146,80.04843891334552,60.0,79.84071721750857,4.904743592499468,157.87521294370623,coffee
80.8566141944153,79.6257114699909,81.97145999135972,60.0,85.17912728403722,5.1592663464271515,160.65159263316434,coffee
80.38876860315467,79.29366741437862,80.67696768692338,59.40919717972194,80.33692195253923,6.63519507121592,157.9869148694407,coffee
82.27975712225809,82.63423013467973,79.76386294601784,55.75629020198281,78.78435602581114,6.593989093122218,159.95426387540223,coffee
78.00139553541018,78.99045015754356,81.6812400530091,60.0,79.52213580166061,3.266351176370625,159.21648370191235,coffee
78.155179631003,83.23075137893889,79.35535906157732,60.0,83.04263210384491,5.996621796295921,159.1367593745639,coffee
100.80746018067322,99.95160878721816,98.19259627853974,60.0,97.6419204176804,7.375358776923127,199.07076540540322,jute
100.40231931174569,100.56657574309229,99.48219005259185,60.0,99.05019268675495,6.742594594914488,197.30804063950652,jute
100.25275915909282,103.87785799811657,97.99933735078885,60.0,100.0,5.359163563879196,200.70126019854712,jute
100.97837426029533,101.26944293712354,102.21939968391244,60.0,99.51748469076291,6.345147402405463,203.79976386979044,jute
99.73473250723485,98.05094139065872,102.21416133857394,60.0,95.65466090797193,6.694843354300843,198.92934362809214,jute
99.81893343539168,100.66396066113803,100.38099935955813,60.0,99.12902725886032,6.026211596352166,199.48090664483217,jute
101.477620961775,101.23073496802611,98.12912259591081,60.0,98.9280731097719,6.61611559656229,200.73457462680267,jute
103.67636735359025,99.5530680352563,99.30136640776361,60.0,99.39364043433145,6.5998838038841,196.76737878312682,jute
97.89263516170729,97.86439415684161,101.90061518394715,60.0,99.79110156292505,4.662356553619979,200.14010432622635,jute
102.32375660521637,98.14529373161885,100.47673796546957,60.0,100.0,5.379163233197486,202.00209218513427,jute
94.59353541400152,101.35575063906181,98.69184863374515,60.0,100.0,7.747317090325915,199.72510297074462,jute
101.90574909440588,103.2245565159773,102.62982890716809,60.0,100.0,5.150867277803186,196.79606837620565,jute
99.5078750237401,98.31350680936761,104.34188543499563,60.0,100.0,6.102970752080935,200.08720489274492,jute
103.39010208086151,98.7547012765311,100.38921491047448,60.0,97.35995497755859,3.7764618181894294,199.92592640590317,jute
99.14139555096548,98.61515804025228,97.18736507265633,60.0,96.990559251938,6.520111927379205,200.164879505869,jute
97.08489700107013,99.38158184590027,98.49568718881883,60.0,100.0,1.2496550607085108,200.23005215829482,jute
99.67973440886672,101.34268015290093,100.42639325647538,60.0,99.36189212866677,3.407948286393022,202.1520142771972,jute
100.04262329734388,103.80238137150602,99.87867837237076,60.0,96.97257121477435,1.3937206474881099,196.83172811398902,jute
100.53425330202296,101.01745004645987,96.83761859593574,60.0,99.03387789663311,5.293586023971098,203.22444125651086,jute
101.79367863173107,99.46293870418833,98.21761554916942,60.0,98.56169336151515,4.577739522344611,198.02564094569763,jute
99.73748606581539,100.15370376591754,99.55028803638385,60.0,100.0,5.883881299138818,197.81920184511432,jute
102.82186475949254,99.80282373543147,100.0376992458897,60.0,100.0,6.90627326782649,200.57424833040366,jute
98.77512525071913,100.7230070504122,97.71254758535868,60.0,99.93354001871108,4.583766285454921,199.74292497712213,jute
96.23630190900472,98.90255018451808,100.18568980228223,60.0,97.94464971814809,7.531415681729401,198.267650303571,jute
101.93891440105347,100.85438872374337,98.7075453803124,60.0,97.61272633648704,6.8383083472200035,202.00116463608595,jute
98.65875958184671,102.78493060012866,99.4999069708021,60.0,100.0,4.731382517058904,201.62161654631956,jute
101.58697744110442,96.50293605352364,102.60868048575631,60.0,100.0,7.253410273655167,197.8180671395696,jute
99.17837142409083,97.78859066302813,99.57015793942253,60.0,100.0,7.620617492239217,202.79136762157992,jute
98.87566394684339,99.58155625251095,96.6331236155581,60.0,100.0,8.231165647096464,197.53130225624017,jute
98.81507148169422,99.94718848608214,100.56032231763922,60.0,100.0,4.052321305858168,199.97109545824344,jute
101.0925684960074,100.01284453962188,99.12722821894687,60.0,99.82327408158933,4.2599779402357445,199.4824078746658,jute
103.19729434100944,101.12183889588248,99.40903936394167,60.0,99.33236102048798,7.346249275173283,200.7392843843962,jute
99.78539571199154,100.89543385162055,96.858247695863,60.0,97.61214998720189,5.285886189527414,203.46502999897018,jute
104.46260029238526,101.27610220288152,101.00168894988892,60.0,98.91465240053196,3.424432496183522,198.75830480349777,jute
99.66371236283042,99.05581884460574,96.04140037924843,60.0,97.85451394852039,5.478493728222299,204.14816533949994,jute
98.16123081682716,94.93942495450734,99.42799155623977,60.0,100.0,2.5409008110951663,200.99339844647304,jute
99.0693790864399,99.78810329139174,105.28868669403407,60.0,100.0,5.935386343530866,202.1715726498787,jute
100.19596630694178,100.6161010790082,99.21670286515642,60.0,99.31361544900518,6.243143779712102,199.26077932791273,jute
100.75420078780438,99.94147437263004,102.25210050154433,60.0,96.45393506358624,7.523843001427983,198.18853539827475,jute
98.69246732270236,98.80867741191301,102.74887618634163,60.0,100.0,7.112113618132104,200.4464778282583,jute
99.89021199876743,100.57110814971531,101.04224485675867,60.0,100.0,5.179161362510498,199.60532315938534,jute
99.69745343269298,99.61018343929464,102.26754019373413,60.0,94.11922273067144,6.311801553059522,200.38947238943754,jute
99.96258248710821,99.22296309382223,102.24822543997203,60.0,98.45424466435279,5.81410457424907,198.05668653091743,jute
97.24076367042214,98.74656555082007,101.72478694476551,60.0,100.0,6.450191573695994,201.0323565742299,jute
98.7170368095541,100.86384508934788,101.60081905045537,60.0,100.0,6.416607694402128,200.70289641508316,jute
102.14030047663286,99.94695748150188,98.23625069754456,60.0,98.5101947103871,3.649643450051237,199.71096265856897,jute
98.41516015800008,99.38407694072193,96.21277066609242,60.0,100.0,3.3658227378636187,201.3184913368648,jute
101.87514027525312,96.78488027126205,98.47455044286757,60.0,98.12019379778226,6.658949683863497,199.6123477224544,jute
99.47097031737877,95.99227527118649,101.27083606041845,60.0,100.0,5.554753875916384,202.72131719167731,jute
97.38235920176177,93.96097568835835,100.36769908950738,60.0,100.0,5.419318830549251,199.0167276287359,jute
101.61424519327463,98.05290760059107,100.95271553871244,60.0,100.0,10.519320077822155,200.78483193435753,jute
98.982072748585,99.94885137561602,96.46184819022176,60.0,99.1814351237738,3.951823204130815,200.30470974406745,jute
98.3551601352356,102.24206133464894,100.0004141298364,60.0,99.34421056697417,5.310381367717958,201.65019652933526,jute
98.2657395685782,98.68376702184949,99.39254794244667,60.0,98.36148428055701,4.047558252910682,201.74877836142545,jute
100.52512265800385,100.38717982273509,101.70179592433594,60.0,100.0,4.793556494135007,200.53072469879925,jute
98.83448268477683,95.12236568344714,99.7314416756274,60.0,100.0,6.930794969182341,202.47226144361244,jute
100.17731518192288,100.39463141481119,98.7646962091313,60.0,100.0,7.407768874337632,199.721107448638,jute
99.09962147029718,100.00105591771319,101.20241349785823,60.0,95.40763809372552,3.898926301016833,197.55857514817168,jute
98.98371960470539,99.70443936236505,99.09350318195398,60.0,100.0,5.600948719221657,201.2444142880868,jute
97.72233376443846,102.07822357484054,99.84847142692908,60.0,97.85628553391969,1.8924824679678713,201.63577931605005,jute
